chr	start	end	ref	alt	id	nuc.change	prot.change	clnsig
6	32039426	32039426	T	A	27189	518T>A	Ile173Asn	Conflicting classifications of pathogenicity
6	32040110	32040110	G	T	27190	844G>T	Val282Leu	Pathogenic/Likely pathogenic
6	32040535	32040535	C	T	27191	1069C>T	Arg357Trp	Pathogenic
6	32038514	32038514	C	T	27192	92C>T	Pro31Leu	Pathogenic
6	32039081	32039081	C	G	27194	293-13C>G	NA	Pathogenic/Likely pathogenic
6	32040140	32040140	G	A	27195	874G>A	Gly292Ser	Pathogenic/Likely pathogenic
6	32041097	32041098	GG	C	27196	1451_1452delinsC	Arg484fs	Pathogenic/Likely pathogenic
6	32041006	32041006	C	T	27198	1360C>T	Pro454Ser	Pathogenic/Likely pathogenic
6	32039133	32039140	GGAGACTAC	G	27203	332_339del	Gly111fs	Pathogenic
6	32040206	32040206	G	C	27207	939+1G>C	NA	Pathogenic
6	32040421	32040421	C	T	27208	955C>T	Gln319Ter	Pathogenic
6	32040485	32040485	G	A	27209	1019G>A	Arg340His	Pathogenic
6	32040766	32040766	G	A	27210	1217G>A	Trp406Ter	Pathogenic
6	32039810	32039810	T	A	27212	713T>A	Val238Glu	Conflicting classifications of pathogenicity
6	32040926	32040926	G	A	27214	1280G>A	Arg427His	Pathogenic
6	32038505	32038506	T	TC	27215	85dup	His29fs	Pathogenic
6	32039092	32039092	A	G	27216	293-2A>G	NA	Pathogenic
6	32039418	32039419	C	CA	27217	511dup	Ser171fs	Pathogenic
6	32040871	32040871	C	T	27218	1225C>T	Arg409Cys	Pathogenic
6	32040675	32040675	G	A	27220	1126G>A	Gly376Ser	Pathogenic
6	32038610	32038610	A	T	27222	188A>T	His63Leu	Conflicting classifications of pathogenicity
6	32039162	32039162	A	C	33491	361A>C	Lys121Gln	Pathogenic
6	32039807	32039807	T	A	33507	710T>A	Ile237Asn	Pathogenic/Likely pathogenic
6	32039816	32039816	T	A	40032	719T>A	Met240Lys	Conflicting classifications of pathogenicity
6	32039128	32039128	C	G	44658	327C>G	Ser109=	Conflicting classifications of pathogenicity
6	32039143	32039143	C	T	44659	342C>T	Ser114=	Conflicting classifications of pathogenicity
6	32040182	32040183	G	GT	76519	923dup	Leu308fs	Conflicting classifications of pathogenicity
6	32039807	32039816	TCGTGGAGAT	ACGAGGAGAA	186703	710_719delinsACGAGGAGAA	Ile237_Met240delinsAsnGluGluLys	Pathogenic
6	32040952	32040952	C	T	190758	1306C>T	Arg436Cys	Conflicting classifications of pathogenicity
6	32040723	32040723	G	A	227295	1174G>A	Ala392Thr	Conflicting classifications of pathogenicity
6	32039178	32039178	C	G	362051	377C>G	Ser126Ter	Pathogenic
6	32041085	32041085	G	T	439126	1439G>T	Arg480Leu	Conflicting classifications of pathogenicity
6	32040584	32040584	G	A	442475	1118G>A	Ser373Asn	Pathogenic/Likely pathogenic
6	32040188	32040188	T	G	576920	922T>G	Leu308Val	Conflicting classifications of pathogenicity
6	32040925	32040925	C	T	576922	1279C>T	Arg427Cys	Pathogenic
6	32041097	32041097	G	A	576924	1451G>A	Arg484Gln	Pathogenic
6	32041146	32041146	C	T	576925	*12C>T	NA	Conflicting classifications of pathogenicity
6	32041147	32041147	G	A	576926	*13G>A	NA	Conflicting classifications of pathogenicity
6	32041093	32041093	C	T	587370	1447C>T	Pro483Ser	Conflicting classifications of pathogenicity
6	32040116	32040116	A	G	788798	850A>G	Met284Val	Pathogenic/Likely pathogenic
6	32039417	32039417	G	A	789182	509G>A	Cys170Tyr	Pathogenic
6	32039433	32039433	C	A	789183	525C>A	Tyr175Ter	Pathogenic
6	32040918	32040918	C	A	789195	1272C>A	Cys424Ter	Pathogenic
6	32040937	32040937	G	A	789196	1291G>A	Gly431Ser	Pathogenic
6	32039593	32039593	A	T	790612	597A>T	Leu199Phe	Conflicting classifications of pathogenicity
6	32040063	32040063	C	T	790613	797C>T	Ala266Val	Conflicting classifications of pathogenicity
6	32038482	32038482	G	A	793185	60G>A	Trp20Ter	Pathogenic
6	32039131	32039131	TG	T	793186	332del	Gly111fs	Pathogenic
6	32040919	32040919	G	A	793188	1273G>A	Gly425Ser	Pathogenic/Likely pathogenic
6	32038514	32038514	C	A	976282	92C>A	Pro31Gln	Pathogenic
6	32039423	32039423	T	A	976287	515T>A	Ile172Asn	Pathogenic
6	32040188	32040189	T	TTG	976288	923_924dup	Leu309fs	Pathogenic
6	32040418	32040418	C	T	976289	952C>T	Leu318=	Pathogenic
6	32040421	32040421	C	G	976290	955C>G	Gln319Glu	Pathogenic
6	32040532	32040532	C	T	976292	1066C>T	Leu356=	Pathogenic
6	32040536	32040536	G	C	976293	1070G>C	Arg357Pro	Conflicting classifications of pathogenicity
6	32040562	32040562	C	T	976294	1096C>T	His366Tyr	Pathogenic
6	32041003	32041003	C	T	976295	1357C>T	Leu453=	Pathogenic
6	32040872	32040872	G	A	982634	1226G>A	Arg409His	Conflicting classifications of pathogenicity
6	32040586	32040586	T	C	985526	1118+2T>C	NA	Pathogenic
6	32039649	32039649	T	G	1108756	651+2T>G	NA	Pathogenic
6	32040098	32040099	C	CT	1108772	833dup	Glu279fs	Pathogenic
6	32040415	32040415	C	T	1164286	949C>T	Arg317Ter	Pathogenic
6	32041097	32041097	G	C	1254236	1451G>C	Arg484Pro	Conflicting classifications of pathogenicity
6	32041096	32041096	C	T	1380135	1450C>T	Arg484Trp	Pathogenic
6	32040490	32040490	C	T	1416020	1024C>T	Arg342Trp	Conflicting classifications of pathogenicity
6	32038423	32038423	A	G	1426030	1A>G	Met1Val	Pathogenic
6	32038538	32038538	A	T	1426031	116A>T	His39Leu	Pathogenic
6	32038546	32038546	C	T	1468040	124C>T	Gln42Ter	Pathogenic
6	32040529	32040529	C	T	1666697	1063C>T	Arg355Cys	Pathogenic/Likely pathogenic
6	32040536	32040536	G	A	1666699	1070G>A	Arg357Gln	Conflicting classifications of pathogenicity
6	32040185	32040185	T	G	1666702	919T>G	Phe307Val	Conflicting classifications of pathogenicity
6	32040565	32040565	C	T	1666704	1099C>T	Arg367Cys	Conflicting classifications of pathogenicity
6	32040183	32040183	GT	G	1677700	923del	Leu308fs	Pathogenic
6	32039232	32039232	AC	A	1679542	433del	Gln145fs	Pathogenic
6	32040979	32040979	C	T	1867844	1333C>T	Arg445Ter	Pathogenic
6	32040574	32040574	C	T	2133159	1108C>T	Arg370Trp	Pathogenic
6	32040566	32040566	G	A	2845203	1100G>A	Arg367His	Pathogenic
6	32039392	32039392	G	T	2904754	484G>T	Glu162Ter	Pathogenic
6	32040477	32040477	C	G	2904756	1011C>G	Tyr337Ter	Pathogenic
6	32039773	32039782	GAGGCTGAAGC	G	2908339	680_689del	Leu227fs	Pathogenic
6	32040872	32040872	G	T	3197756	1226G>T	Arg409Leu	Pathogenic
6	32038752	32038752	T	C	3198213	233T>C	Ile78Thr	Pathogenic
6	32038481	32038481	G	A	3413523	59G>A	Trp20Ter	Pathogenic
